Título,Preço,Disponibilidade,Avaliação
A Light in the Attic,£51.77,In stock,Three estrelas
Tipping the Velvet,£53.74,In stock,One estrelas
Soumission,£50.10,In stock,One estrelas
Sharp Objects,£47.82,In stock,Four estrelas
Sapiens: A Brief History of Humankind,£54.23,In stock,Five estrelas
The Requiem Red,£22.65,In stock,One estrelas
The Dirty Little Secrets of Getting Your Dream Job,£33.34,In stock,Four estrelas
"The Coming Woman: A Novel Based on the Life of the Infamous Feminist, Victoria Woodhull",£17.93,In stock,Three estrelas
The Boys in the Boat: Nine Americans and Their Epic Quest for Gold at the 1936 Berlin Olympics,£22.60,In stock,Four estrelas
The Black Maria,£52.15,In stock,One estrelas
"Starving Hearts (Triangular Trade Trilogy, #1)",£13.99,In stock,Two estrelas
Shakespeare's Sonnets,£20.66,In stock,Four estrelas
Set Me Free,£17.46,In stock,Five estrelas
Scott Pilgrim's Precious Little Life (Scott Pilgrim #1),£52.29,In stock,Five estrelas
Rip it Up and Start Again,£35.02,In stock,Five estrelas
"Our Band Could Be Your Life: Scenes from the American Indie Underground, 1981-1991",£57.25,In stock,Three estrelas
Olio,£23.88,In stock,One estrelas
Mesaerion: The Best Science Fiction Stories 1800-1849,£37.59,In stock,One estrelas
Libertarianism for Beginners,£51.33,In stock,Two estrelas
It's Only the Himalayas,£45.17,In stock,Two estrelas
In Her Wake,£12.84,In stock,One estrelas
How Music Works,£37.32,In stock,Two estrelas
"Foolproof Preserving: A Guide to Small Batch Jams, Jellies, Pickles, Condiments, and More: A Foolproof Guide to Making Small Batch Jams, Jellies, Pickles, Condiments, and More",£30.52,In stock,Three estrelas
Chase Me (Paris Nights #2),£25.27,In stock,Five estrelas
Black Dust,£34.53,In stock,Five estrelas
Birdsong: A Story in Pictures,£54.64,In stock,Three estrelas
America's Cradle of Quarterbacks: Western Pennsylvania's Football Factory from Johnny Unitas to Joe Montana,£22.50,In stock,Three estrelas
Aladdin and His Wonderful Lamp,£53.13,In stock,Three estrelas
Worlds Elsewhere: Journeys Around Shakespeare’s Globe,£40.30,In stock,Five estrelas
Wall and Piece,£44.18,In stock,Four estrelas
The Four Agreements: A Practical Guide to Personal Freedom,£17.66,In stock,Five estrelas
The Five Love Languages: How to Express Heartfelt Commitment to Your Mate,£31.05,In stock,Three estrelas
The Elephant Tree,£23.82,In stock,Five estrelas
The Bear and the Piano,£36.89,In stock,One estrelas
Sophie's World,£15.94,In stock,Five estrelas
Penny Maybe,£33.29,In stock,Three estrelas
Maude (1883-1993):She Grew Up with the country,£18.02,In stock,Two estrelas
"In a Dark, Dark Wood",£19.63,In stock,One estrelas
Behind Closed Doors,£52.22,In stock,Four estrelas
You can't bury them all: Poems,£33.63,In stock,Two estrelas
Slow States of Collapse: Poems,£57.31,In stock,Three estrelas
Reasons to Stay Alive,£26.41,In stock,Two estrelas
Private Paris (Private #10),£47.61,In stock,Five estrelas
#HigherSelfie: Wake Up Your Life. Free Your Soul. Find Your Tribe.,£23.11,In stock,Five estrelas
Without Borders (Wanderlove #1),£45.07,In stock,Two estrelas
When We Collided,£31.77,In stock,One estrelas
"We Love You, Charlie Freeman",£50.27,In stock,Five estrelas
Untitled Collection: Sabbath Poems 2014,£14.27,In stock,Four estrelas
"Unseen City: The Majesty of Pigeons, the Discreet Charm of Snails & Other Wonders of the Urban Wilderness",£44.18,In stock,Four estrelas
Unicorn Tracks,£18.78,In stock,Three estrelas
"Unbound: How Eight Technologies Made Us Human, Transformed Society, and Brought Our World to the Brink",£25.52,In stock,One estrelas
Tsubasa: WoRLD CHRoNiCLE 2 (Tsubasa WoRLD CHRoNiCLE #2),£16.28,In stock,One estrelas
Throwing Rocks at the Google Bus: How Growth Became the Enemy of Prosperity,£31.12,In stock,Three estrelas
This One Summer,£19.49,In stock,Four estrelas
Thirst,£17.27,In stock,Five estrelas
The Torch Is Passed: A Harding Family Story,£19.09,In stock,One estrelas
The Secret of Dreadwillow Carse,£56.13,In stock,One estrelas
"The Pioneer Woman Cooks: Dinnertime: Comfort Classics, Freezer Food, 16-Minute Meals, and Other Delicious Ways to Solve Supper!",£56.41,In stock,One estrelas
The Past Never Ends,£56.50,In stock,Four estrelas
The Natural History of Us (The Fine Art of Pretending #2),£45.22,In stock,Three estrelas
